{"cameraMode":{"drawMode":0,"name":"Shaded","section":"Shading Mode"},"sceneLighting":false,"audioPlay":false,"sceneViewState":{"m_AlwaysRefresh":false,"showFog":true,"showSkybox":false,"showFlares":true,"showImageEffects":true,"showParticleSystems":true,"showVisualEffectGraphs":true,"m_FxEnabled":true},"in2DMode":false,"pivot":{"x":-14.880001068115235,"y":1.4398918151855469,"z":1.4139671325683594},"rotation":{"x":0.15895459055900575,"y":0.5022653341293335,"z":-0.09453686326742172,"w":0.8447884917259216},"size":5.932241916656494,"orthographic":false}