{"cameraMode":{"drawMode":0,"name":"Shaded","section":"Shading Mode"},"sceneLighting":false,"audioPlay":false,"sceneViewState":{"m_AlwaysRefresh":false,"showFog":true,"showSkybox":false,"showFlares":true,"showImageEffects":true,"showParticleSystems":true,"showVisualEffectGraphs":true,"m_FxEnabled":true},"in2DMode":false,"pivot":{"x":-13.67199993133545,"y":0.21400000154972077,"z":-0.035999998450279239},"rotation":{"x":0.04983806237578392,"y":-0.6717858910560608,"z":0.0454588457942009,"w":0.7378170490264893},"size":0.12049198150634766,"orthographic":false}